{"Cummalative Reward": 5.41, "Cummalative Q-Learning Loss": 0.4047520695719868, "Cummalative Successor Loss": -12090.2578125, "_timestamp": 1650871991, "_runtime": 278, "_step": 24, "gradients/graph_1linear.bias": {"_type": "histogram", "values": [0.0, 0.0, 0.0, 0.0, 0.0, 0.0, 0.0, 0.0, 0.0, 0.0, 0.0, 0.0, 0.0, 0.0, 0.0, 0.0, 0.0, 0.0, 0.0, 0.0, 0.0, 0.0, 0.0, 0.0, 0.0, 0.0, 0.0, 0.0, 0.0, 0.0, 0.0, 0.0, 1.0, 0.0, 0.0, 0.0, 0.0, 0.0, 0.0, 0.0, 0.0, 0.0, 0.0, 0.0, 0.0, 0.0, 0.0, 0.0, 0.0, 0.0, 0.0, 0.0, 0.0, 0.0, 0.0, 0.0, 0.0, 0.0, 0.0, 0.0, 0.0, 0.0, 0.0, 0.0], "bins": [-0.019818156957626343, -0.019818156957626343, -0.019818156957626343, -0.019818156957626343, -0.019818156957626343, -0.019818156957626343, -0.019818156957626343, -0.019818156957626343, -0.019818156957626343, -0.019818156957626343, -0.019818156957626343, -0.019818156957626343, -0.019818156957626343, -0.019818156957626343, -0.019818156957626343, -0.019818156957626343, -0.019818156957626343, -0.019818156957626343, -0.019818156957626343, -0.019818156957626343, -0.019818156957626343, -0.019818156957626343, -0.019818156957626343, -0.019818156957626343, -0.019818156957626343, -0.019818156957626343, -0.019818156957626343, -0.019818156957626343, -0.019818156957626343, -0.019818156957626343, -0.019818156957626343, -0.019818156957626343, -0.019818156957626343, -0.019818156957626343, -0.019818156957626343, -0.019818156957626343, -0.019818156957626343, -0.019818156957626343, -0.019818156957626343, -0.019818156957626343, -0.019818156957626343, -0.019818156957626343, -0.019818156957626343, -0.019818156957626343, -0.019818156957626343, -0.019818156957626343, -0.019818156957626343, -0.019818156957626343, -0.019818156957626343, -0.019818156957626343, -0.019818156957626343, -0.019818156957626343, -0.019818156957626343, -0.019818156957626343, -0.019818156957626343, -0.019818156957626343, -0.019818156957626343, -0.019818156957626343, -0.019818156957626343, -0.019818156957626343, -0.019818156957626343, -0.019818156957626343, -0.019818156957626343, -0.019818156957626343, -0.019818156957626343]}, "gradients/graph_1linear.weight": {"_type": "histogram", "values": [1.0, 0.0, 0.0, 0.0, 0.0, 0.0, 0.0, 0.0, 0.0, 0.0, 0.0, 0.0, 0.0, 0.0, 0.0, 0.0, 0.0, 0.0, 2.0, 2.0, 2.0, 1.0, 2.0, 3.0, 4.0, 5.0, 5.0, 7.0, 3.0, 4.0, 2.0, 7.0, 4.0, 4.0, 2.0, 1.0, 0.0, 2.0, 2.0, 0.0, 1.0, 1.0, 1.0, 0.0, 2.0, 3.0, 3.0, 1.0, 4.0, 3.0, 2.0, 4.0, 4.0, 9.0, 3.0, 5.0, 4.0, 5.0, 2.0, 2.0, 2.0, 0.0, 0.0, 2.0], "bins": [-0.21944396197795868, -0.21391837298870087, -0.20839276909828186, -0.20286718010902405, -0.19734159111976624, -0.19181600213050842, -0.1862904131412506, -0.1807648092508316, -0.1752392202615738, -0.16971363127231598, -0.16418802738189697, -0.15866243839263916, -0.15313684940338135, -0.14761126041412354, -0.14208567142486572, -0.13656006753444672, -0.1310344785451889, -0.1255088895559311, -0.11998329311609268, -0.11445769667625427, -0.10893210768699646, -0.10340651869773865, -0.09788092225790024, -0.09235532581806183, -0.08682973682880402, -0.0813041478395462, -0.0757785513997078, -0.07025295495986938, -0.06472736597061157, -0.05920177325606346, -0.05367618054151535, -0.04815058782696724, -0.04262499511241913, -0.03709940239787102, -0.031573809683322906, -0.026048216968774796, -0.020522624254226685, -0.014997031539678574, -0.009471438825130463, -0.003945846110582352, 0.0015797466039657593, 0.00710533931851387, 0.012630932033061981, 0.018156524747610092, 0.023682117462158203, 0.029207710176706314, 0.034733302891254425, 0.040258895605802536, 0.04578448832035065, 0.05131008103489876, 0.05683567374944687, 0.06236126646399498, 0.06788685917854309, 0.0734124481678009, 0.07893804460763931, 0.08446364104747772, 0.08998923003673553, 0.09551481902599335, 0.10104041546583176, 0.10656601190567017, 0.11209160089492798, 0.11761718988418579, 0.1231427863240242, 0.1286683827638626, 0.13419397175312042]}, "_wandb": {"runtime": 284}}