{"Cummalative Reward": 9.22, "Cummalative Q-Learning Loss": 150.43849872589112, "Cummalative Successor Loss": 19928.40625, "_timestamp": 1651083725, "_runtime": 406, "_step": 39, "gradients/graph_1linear.weight": {"_type": "histogram", "values": [1.0, 1.0, 1.0, 0.0, 0.0, 0.0, 1.0, 0.0, 3.0, 0.0, 0.0, 2.0, 1.0, 0.0, 3.0, 1.0, 2.0, 4.0, 2.0, 3.0, 3.0, 6.0, 0.0, 2.0, 3.0, 3.0, 6.0, 2.0, 2.0, 4.0, 5.0, 3.0, 3.0, 7.0, 3.0, 1.0, 2.0, 1.0, 1.0, 2.0, 3.0, 3.0, 1.0, 2.0, 2.0, 2.0, 4.0, 1.0, 5.0, 3.0, 1.0, 3.0, 0.0, 2.0, 1.0, 1.0, 1.0, 1.0, 0.0, 2.0, 1.0, 1.0, 2.0, 2.0], "bins": [-8.74860668182373, -8.492679595947266, -8.2367525100708, -7.980825424194336, -7.724897861480713, -7.468970775604248, -7.213043689727783, -6.957116603851318, -6.701189041137695, -6.4452619552612305, -6.189334869384766, -5.933407783508301, -5.677480220794678, -5.421553134918213, -5.165626049041748, -4.909698963165283, -4.653771877288818, -4.3978447914123535, -4.141917705535889, -3.8859903812408447, -3.630063056945801, -3.374135971069336, -3.118208885192871, -2.8622817993164062, -2.6063544750213623, -2.3504273891448975, -2.0945000648498535, -1.8385729789733887, -1.5826457738876343, -1.3267185688018799, -1.070791482925415, -0.8148642778396606, -0.5589370727539062, -0.30300989747047424, -0.047082722187042236, 0.20884442329406738, 0.4647716283798218, 0.7206988334655762, 0.976625919342041, 1.2325531244277954, 1.4884803295135498, 1.7444075345993042, 2.0003347396850586, 2.2562618255615234, 2.5121889114379883, 2.7681162357330322, 3.024043321609497, 3.279970645904541, 3.535897731781006, 3.7918248176574707, 4.0477519035339355, 4.303679466247559, 4.559606552124023, 4.815533638000488, 5.071460723876953, 5.327387809753418, 5.583314895629883, 5.839241981506348, 6.0951690673828125, 6.351096153259277, 6.6070237159729, 6.862950801849365, 7.11887788772583, 7.374804973602295, 7.630732536315918]}, "_wandb": {"runtime": 408}}