{"Cummalative Reward": 5.64, "Cummalative Q-Learning Loss": 0.2614159391366411, "Cummalative Successor Loss": -15276.1708984375, "_timestamp": 1650881118, "_runtime": 7953, "_step": 442, "gradients/graph_1linear.weight": {"_type": "histogram", "values": [2.0, 0.0, 0.0, 0.0, 0.0, 0.0, 0.0, 0.0, 0.0, 0.0, 1.0, 0.0, 0.0, 0.0, 2.0, 2.0, 1.0, 1.0, 4.0, 4.0, 1.0, 4.0, 2.0, 4.0, 3.0, 4.0, 8.0, 3.0, 3.0, 1.0, 0.0, 2.0, 3.0, 1.0, 0.0, 1.0, 2.0, 4.0, 2.0, 2.0, 2.0, 4.0, 3.0, 2.0, 3.0, 2.0, 2.0, 3.0, 5.0, 2.0, 4.0, 10.0, 2.0, 2.0, 3.0, 1.0, 1.0, 2.0, 1.0, 1.0, 1.0, 3.0, 0.0, 2.0], "bins": [-0.12000758200883865, -0.11672735214233398, -0.11344712972640991, -0.11016689985990524, -0.10688666999340057, -0.1036064475774765, -0.10032621771097183, -0.09704598784446716, -0.09376576542854309, -0.09048553556203842, -0.08720531314611435, -0.08392508327960968, -0.08064486086368561, -0.07736463099718094, -0.07408440113067627, -0.0708041787147522, -0.06752394884824753, -0.06424371898174286, -0.06096349656581879, -0.05768326669931412, -0.05440304055809975, -0.051122814416885376, -0.04784258455038071, -0.044562358409166336, -0.041282132267951965, -0.038001906126737595, -0.034721679985523224, -0.031441450119018555, -0.028161223977804184, -0.024880997836589813, -0.021600769832730293, -0.018320541828870773, -0.015040315687656403, -0.011760088615119457, -0.008479861542582512, -0.0051996344700455666, -0.0019194073975086212, 0.0013608187437057495, 0.0046410467475652695, 0.00792127475142479, 0.01120150089263916, 0.014481727965176105, 0.01776195503771305, 0.02104218304157257, 0.02432240918278694, 0.027602635324001312, 0.030882863327860832, 0.03416309133172035, 0.03744331747293472, 0.040723543614149094, 0.044003769755363464, 0.047283999621868134, 0.050564225763082504, 0.053844451904296875, 0.057124681770801544, 0.060404907912015915, 0.06368513405323029, 0.06696536391973495, 0.07024558633565903, 0.0735258162021637, 0.07680603861808777, 0.08008626848459244, 0.0833664983510971, 0.08664672076702118, 0.08992695063352585]}, "_wandb": {"runtime": 7967}}