{"Cummalative Reward": 8.7, "Cummalative Q-Learning Loss": 1.8570665904320776, "Cummalative Successor Loss": -5.362143039703369, "_timestamp": 1650872937, "_runtime": 68, "_step": 8, "gradients/graph_1linear.weight": {"_type": "histogram", "values": [1.0, 0.0, 1.0, 0.0, 2.0, 1.0, 5.0, 2.0, 10.0, 5.0, 5.0, 10.0, 6.0, 2.0, 5.0, 2.0, 3.0, 1.0, 2.0, 0.0, 0.0, 0.0, 0.0, 0.0, 0.0, 0.0, 1.0, 0.0, 0.0, 0.0, 0.0, 1.0, 0.0, 0.0, 0.0, 0.0, 0.0, 0.0, 0.0, 0.0, 0.0, 0.0, 0.0, 1.0, 0.0, 1.0, 1.0, 0.0, 2.0, 2.0, 5.0, 5.0, 6.0, 5.0, 5.0, 4.0, 4.0, 6.0, 3.0, 3.0, 1.0, 1.0, 3.0, 5.0], "bins": [-0.1495199054479599, -0.1450454145669937, -0.14057090878486633, -0.13609641790390015, -0.13162192702293396, -0.12714743614196777, -0.1226729303598404, -0.1181984394788742, -0.11372394114732742, -0.10924944281578064, -0.10477495193481445, -0.10030045360326767, -0.09582595527172089, -0.0913514643907547, -0.08687696605920792, -0.08240246772766113, -0.07792797684669495, -0.07345347851514816, -0.06897898763418198, -0.06450448930263519, -0.06002999469637871, -0.05555550009012222, -0.05108100175857544, -0.046606507152318954, -0.04213201254606247, -0.037657517939805984, -0.0331830233335495, -0.028708525002002716, -0.02423403039574623, -0.019759535789489746, -0.015285039320588112, -0.010810542851686478, -0.006336048245429993, -0.001861552707850933, 0.0026129428297281265, 0.007087438367307186, 0.011561933904886246, 0.01603642851114273, 0.020510924980044365, 0.024985421448946, 0.029459916055202484, 0.03393441066145897, 0.038408905267715454, 0.04288340359926224, 0.04735789820551872, 0.05183239281177521, 0.05630689114332199, 0.060781385749578476, 0.06525588035583496, 0.06973037868738174, 0.07420486956834793, 0.07867936789989471, 0.0831538587808609, 0.08762835711240768, 0.09210285544395447, 0.09657734632492065, 0.10105184465646744, 0.10552634298801422, 0.11000083386898041, 0.11447533220052719, 0.11894983053207397, 0.12342432141304016, 0.12789881229400635, 0.13237331807613373, 0.13684780895709991]}, "_wandb": {"runtime": 73}}