{"Cummalative Reward": 2.5, "Cummalative Q-Learning Loss": 0.532790760928765, "Cummalative Successor Loss": -1459.03955078125, "_timestamp": 1650872794, "_runtime": 747, "_step": 60, "gradients/graph_1linear.weight": {"_type": "histogram", "values": [1.0, 0.0, 1.0, 0.0, 0.0, 0.0, 1.0, 0.0, 0.0, 0.0, 1.0, 0.0, 0.0, 0.0, 0.0, 1.0, 0.0, 0.0, 0.0, 0.0, 3.0, 0.0, 0.0, 2.0, 3.0, 4.0, 8.0, 4.0, 4.0, 6.0, 9.0, 9.0, 8.0, 10.0, 6.0, 7.0, 13.0, 6.0, 2.0, 5.0, 2.0, 2.0, 1.0, 1.0, 0.0, 2.0, 1.0, 1.0, 1.0, 1.0, 0.0, 0.0, 0.0, 0.0, 1.0, 0.0, 0.0, 0.0, 0.0, 0.0, 0.0, 0.0, 0.0, 1.0], "bins": [-0.22568482160568237, -0.21899054944515228, -0.2122962772846222, -0.2056019902229309, -0.19890771806240082, -0.19221344590187073, -0.18551917374134064, -0.17882490158081055, -0.17213061451911926, -0.16543634235858917, -0.15874207019805908, -0.1520477831363678, -0.1453535109758377, -0.13865923881530762, -0.13196496665477753, -0.12527069449424744, -0.11857642233371735, -0.11188215017318726, -0.10518787056207657, -0.09849359840154648, -0.09179931879043579, -0.0851050466299057, -0.07841077446937561, -0.07171650230884552, -0.06502222269773483, -0.058327946811914444, -0.051633670926094055, -0.044939398765563965, -0.038245122879743576, -0.03155084699392319, -0.024856574833393097, -0.018162298947572708, -0.01146802306175232, -0.004773748107254505, 0.001920526847243309, 0.008614800870418549, 0.015309076756238937, 0.022003352642059326, 0.028697624802589417, 0.035391900688409805, 0.042086176574230194, 0.04878045246005058, 0.05547472834587097, 0.06216900050640106, 0.06886327266693115, 0.07555755227804184, 0.08225182443857193, 0.08894610404968262, 0.09564037621021271, 0.1023346483707428, 0.10902892798185349, 0.11572320014238358, 0.12241747975349426, 0.12911175191402435, 0.13580602407455444, 0.14250029623508453, 0.14919456839561462, 0.15588884055614471, 0.1625831127166748, 0.1692773997783661, 0.17597167193889618, 0.18266594409942627, 0.18936021625995636, 0.19605448842048645, 0.20274877548217773]}, "_wandb": {"runtime": 750}}