{"Cummalative Reward": 3.4, "Cummalative Q-Learning Loss": 145.40972640752793, "Cummalative Successor Loss": 18782.423828125, "_timestamp": 1651076586, "_runtime": 558, "_step": 55, "gradients/graph_1linear.weight": {"_type": "histogram", "values": [2.0, 0.0, 3.0, 4.0, 3.0, 8.0, 2.0, 4.0, 4.0, 5.0, 5.0, 4.0, 2.0, 3.0, 1.0, 1.0, 2.0, 1.0, 0.0, 2.0, 0.0, 1.0, 1.0, 0.0, 0.0, 0.0, 0.0, 1.0, 0.0, 0.0, 0.0, 0.0, 0.0, 0.0, 0.0, 0.0, 0.0, 0.0, 2.0, 0.0, 1.0, 1.0, 0.0, 1.0, 0.0, 2.0, 1.0, 0.0, 2.0, 2.0, 3.0, 1.0, 3.0, 1.0, 5.0, 7.0, 11.0, 6.0, 6.0, 4.0, 4.0, 2.0, 2.0, 2.0], "bins": [-6.881674766540527, -6.663480281829834, -6.445285797119141, -6.227091312408447, -6.008896827697754, -5.7907023429870605, -5.572507858276367, -5.354313373565674, -5.1361188888549805, -4.917924404144287, -4.699729919433594, -4.4815354347229, -4.263340950012207, -4.045146465301514, -3.8269519805908203, -3.608757495880127, -3.3905630111694336, -3.1723685264587402, -2.954174041748047, -2.7359795570373535, -2.51778507232666, -2.299590587615967, -2.0813961029052734, -1.86320161819458, -1.6450071334838867, -1.4268126487731934, -1.2086181640625, -0.9904236793518066, -0.7722291946411133, -0.5540347099304199, -0.33584022521972656, -0.1176457405090332, 0.10054922103881836, 0.3187437057495117, 0.5369381904602051, 0.7551326751708984, 0.9733271598815918, 1.1915216445922852, 1.4097161293029785, 1.6279106140136719, 1.8461050987243652, 2.0642995834350586, 2.282494068145752, 2.5006885528564453, 2.7188830375671387, 2.937077522277832, 3.1552720069885254, 3.3734664916992188, 3.591660976409912, 3.8098554611206055, 4.028049945831299, 4.246244430541992, 4.4644389152526855, 4.682633399963379, 4.900827884674072, 5.119022369384766, 5.337216854095459, 5.555411338806152, 5.773605823516846, 5.991800308227539, 6.209994792938232, 6.428189277648926, 6.646383762359619, 6.8645782470703125, 7.082772731781006]}, "_wandb": {"runtime": 567}}