{"Cummalative Reward": 2.6, "Cummalative Q-Learning Loss": 220.60999886751176, "Cummalative Successor Loss": -1137.8817138671875, "_timestamp": 1651083164, "_runtime": 4631, "_step": 47, "gradients/model.6.bias": {"_type": "histogram", "values": [2.0, 0.0, 0.0, 0.0, 1.0, 2.0, 4.0, 3.0, 2.0, 4.0, 3.0, 3.0, 6.0, 1.0, 4.0, 4.0, 3.0, 5.0, 8.0, 7.0, 6.0, 19.0, 16.0, 20.0, 20.0, 27.0, 30.0, 59.0, 58.0, 36.0, 26.0, 22.0, 21.0, 9.0, 14.0, 5.0, 9.0, 11.0, 8.0, 4.0, 3.0, 4.0, 1.0, 4.0, 1.0, 0.0, 4.0, 2.0, 2.0, 0.0, 0.0, 1.0, 1.0, 1.0, 0.0, 0.0, 1.0, 0.0, 2.0, 1.0, 1.0, 0.0, 0.0, 1.0], "bins": [-6.607169780181721e-07, -6.370367486852047e-07, -6.133565193522372e-07, -5.896762900192698e-07, -5.659960606863024e-07, -5.423158313533349e-07, -5.186356020203675e-07, -4.949553726874001e-07, -4.7127514335443266e-07, -4.4759491402146523e-07, -4.239146846884978e-07, -4.0023445535553037e-07, -3.7655422602256294e-07, -3.528739966895955e-07, -3.291937673566281e-07, -3.0551353802366066e-07, -2.818332802689838e-07, -2.5815305093601637e-07, -2.3447282160304894e-07, -2.1079259227008151e-07, -1.8711236293711409e-07, -1.6343213360414666e-07, -1.397518900603245e-07, -1.1607166072735708e-07, -9.239143139438966e-08, -6.871120206142223e-08, -4.503096917574112e-08, -2.1350736290060013e-08, 2.3294930429074157e-09, 2.6009722375874844e-08, 4.968995881426963e-08, 7.337018814723706e-08, 9.705041748020449e-08, 1.2073064681317192e-07, 1.4441087614613934e-07, 1.6809110547910677e-07, 1.917713348120742e-07, 2.1545156414504163e-07, 2.3913179347800906e-07, 2.628120228109765e-07, 2.864922521439439e-07, 3.1017248147691134e-07, 3.3385271080987877e-07, 3.575329401428462e-07, 3.8121316947581363e-07, 4.0489339880878106e-07, 4.285736281417485e-07, 4.522538574747159e-07, 4.7593411522939277e-07, 4.996143729840696e-07, 5.232946023170371e-07, 5.469748316500045e-07, 5.706550609829719e-07, 5.943352903159393e-07, 6.180155196489068e-07, 6.416957489818742e-07, 6.653759783148416e-07, 6.890562076478091e-07, 7.127364369807765e-07, 7.364166663137439e-07, 7.600968956467113e-07, 7.837771249796788e-07, 8.074573543126462e-07, 8.311375836456136e-07, 8.548178129785811e-07]}, "gradients/model.6.weight": {"_type": "histogram", "values": [6.0, 8.0, 16.0, 3.0, 7.0, 25.0, 50.0, 72.0, 87.0, 90.0, 123.0, 200.0, 229.0, 284.0, 263.0, 319.0, 327.0, 336.0, 408.0, 488.0, 620.0, 780.0, 1116.0, 2007.0, 2420.0, 3544.0, 5373.0, 79431.0, 14324.0, 5663.0, 3304.0, 2016.0, 1484.0, 913.0, 959.0, 798.0, 553.0, 443.0, 289.0, 220.0, 206.0, 188.0, 188.0, 119.0, 89.0, 92.0, 73.0, 68.0, 50.0, 51.0, 64.0, 68.0, 49.0, 34.0, 25.0, 16.0, 30.0, 29.0, 11.0, 8.0, 2.0, 8.0, 2.0, 4.0], "bins": [-1.2542984677565983e-06, -1.2093739769625245e-06, -1.1644495998552884e-06, -1.1195251090612146e-06, -1.0746007319539785e-06, -1.0296762411599047e-06, -9.84751750365831e-07, -9.398273732585949e-07, -8.9490293930794e-07, -8.49978505357285e-07, -8.050540714066301e-07, -7.601296374559752e-07, -7.152051466619014e-07, -6.702807695546653e-07, -6.253562787605915e-07, -5.804318448099366e-07, -5.355074108592817e-07, -4.905829769086267e-07, -4.456585429579718e-07, -4.0073408058560744e-07, -3.558096466349525e-07, -3.108852126842976e-07, -2.659607503119332e-07, -2.210363163612783e-07, -1.7611188241062337e-07, -1.3118744845996844e-07, -8.626300029845879e-08, -4.133855213694915e-08, 3.5858818137057824e-09, 4.851031576436071e-08, 9.343477813672507e-08, 1.3835921208738e-07, 1.8328364603803493e-07, 2.2820807998868986e-07, 2.731325139393448e-07, 3.1805697631170915e-07, 3.629814102623641e-07, 4.07905844213019e-07, 4.5283030658538337e-07, 4.977547405360383e-07, 5.426791744866932e-07, 5.876036084373482e-07, 6.325280423880031e-07, 6.77452476338658e-07, 7.223769671327318e-07, 7.673013442399679e-07, 8.122258350340417e-07, 8.571502689846966e-07, 9.020747029353515e-07, 9.469991368860065e-07, 9.919235708366614e-07, 1.0368480616307352e-06, 1.0817724387379712e-06, 1.126696929532045e-06, 1.171621306639281e-06, 1.2165457974333549e-06, 1.2614702882274287e-06, 1.3063947790215025e-06, 1.3513191561287385e-06, 1.3962436469228123e-06, 1.4411680240300484e-06, 1.4860925148241222e-06, 1.531017005618196e-06, 1.575941382725432e-06, 1.6208657598326681e-06]}, "gradients/model.2.weight": {"_type": "histogram", "values": [2.0, 1.0, 2.0, 0.0, 5.0, 2.0, 3.0, 4.0, 3.0, 11.0, 12.0, 10.0, 12.0, 24.0, 28.0, 28.0, 29.0, 37.0, 40.0, 45.0, 76.0, 75.0, 118.0, 104.0, 165.0, 161.0, 194.0, 281.0, 1492.0, 367.0, 239.0, 158.0, 127.0, 109.0, 98.0, 71.0, 64.0, 54.0, 56.0, 31.0, 33.0, 37.0, 24.0, 16.0, 29.0, 27.0, 21.0, 13.0, 13.0, 10.0, 5.0, 8.0, 10.0, 5.0, 5.0, 2.0, 2.0, 1.0, 4.0, 3.0, 1.0, 0.0, 0.0, 1.0], "bins": [-8.44372664232651e-07, -8.147204653141671e-07, -7.85068323239102e-07, -7.554161243206181e-07, -7.257639254021342e-07, -6.961117264836503e-07, -6.664595275651664e-07, -6.368073854901013e-07, -6.071551865716174e-07, -5.775029876531335e-07, -5.478508455780684e-07, -5.181986466595845e-07, -4.885464477411006e-07, -4.5889424882261665e-07, -4.2924207832584216e-07, -3.9958990782906767e-07, -3.6993770891058375e-07, -3.4028550999209983e-07, -3.1063333949532534e-07, -2.8098116899855086e-07, -2.5132897008006694e-07, -2.2167678537243773e-07, -1.9202460066480853e-07, -1.6237241595717933e-07, -1.3272023124955012e-07, -1.0306804654192092e-07, -7.341586183429172e-08, -4.3763677126662515e-08, -1.4111492419033311e-08, 1.5540692288595892e-08, 4.5192876996225095e-08, 7.48450617038543e-08, 1.0449718956806464e-07, 1.3414937427569384e-07, 1.6380155898332305e-07, 1.9345374369095225e-07, 2.2310592839858145e-07, 2.5275812731706537e-07, 2.8241029781383986e-07, 3.1206246831061435e-07, 3.4171466722909827e-07, 3.713668661475822e-07, 4.010190366443567e-07, 4.3067120714113116e-07, 4.603234060596151e-07, 4.89975604978099e-07, 5.196277470531641e-07, 5.49279945971648e-07, 5.789321448901319e-07, 6.085843438086158e-07, 6.382365427270997e-07, 6.678886848021648e-07, 6.975408837206487e-07, 7.271930826391326e-07, 7.568452247141977e-07, 7.864974236326816e-07, 8.161496225511655e-07, 8.458018214696494e-07, 8.754540203881334e-07, 9.051061624631984e-07, 9.347583613816823e-07, 9.644105603001663e-07, 9.940627023752313e-07, 1.023714958137134e-06, 1.0533671002121991e-06]}, "gradients/model.2.bias": {"_type": "histogram", "values": [1.0, 0.0, 0.0, 0.0, 0.0, 0.0, 0.0, 0.0, 0.0, 0.0, 0.0, 0.0, 0.0, 1.0, 1.0, 0.0, 1.0, 0.0, 0.0, 0.0, 0.0, 0.0, 0.0, 0.0, 0.0, 0.0, 1.0, 0.0, 0.0, 0.0, 1.0, 3.0, 1.0, 0.0, 1.0, 0.0, 0.0, 1.0, 0.0, 0.0, 0.0, 0.0, 1.0, 0.0, 1.0, 0.0, 0.0, 0.0, 0.0, 0.0, 0.0, 0.0, 0.0, 0.0, 0.0, 0.0, 0.0, 1.0, 0.0, 0.0, 0.0, 0.0, 0.0, 1.0],