{"Cummalative Reward": 8.52, "Cummalative Q-Learning Loss": 0.59267268829979, "Cummalative Successor Loss": -4584.09619140625, "_timestamp": 1650824393, "_runtime": 9311, "_step": 332, "gradients/model.6.bias": {"_type": "histogram", "values": [1.0, 0.0, 0.0, 0.0, 1.0, 0.0, 0.0, 0.0, 2.0, 0.0, 1.0, 0.0, 0.0, 0.0, 1.0, 3.0, 2.0, 0.0, 2.0, 0.0, 4.0, 2.0, 4.0, 5.0, 3.0, 4.0, 3.0, 5.0, 31.0, 87.0, 238.0, 38.0, 8.0, 5.0, 4.0, 7.0, 5.0, 3.0, 7.0, 6.0, 4.0, 3.0, 3.0, 2.0, 1.0, 4.0, 2.0, 4.0, 2.0, 1.0, 0.0, 1.0, 1.0, 0.0, 1.0, 0.0, 0.0, 0.0, 0.0, 0.0, 0.0, 0.0, 0.0, 1.0], "bins": [-0.005537161137908697, -0.0053535508923232555, -0.005169940646737814, -0.004986330401152372, -0.0048027196899056435, -0.004619109444320202, -0.00443549919873476, -0.004251888953149319, -0.004068278707563877, -0.0038846684619784355, -0.003701058216392994, -0.0035174477379769087, -0.003333837492391467, -0.0031502272468060255, -0.0029666167683899403, -0.0027830065228044987, -0.002599396277219057, -0.0024157860316336155, -0.002232175786048174, -0.0020485653076320887, -0.001864955062046647, -0.0016813448164612055, -0.001497734454460442, -0.0013141240924596786, -0.001130513846874237, -0.0009469035430811346, -0.0007632932392880321, -0.0005796829354949296, -0.00039607263170182705, -0.00021246232790872455, -2.8852024115622044e-05, 0.00015475833788514137, 0.00033836811780929565, 0.0005219784216023982, 0.0007055887253955007, 0.0008891990291886032, 0.0010728093329817057, 0.0012564195785671473, 0.0014400299405679107, 0.001623640302568674, 0.0018072505481541157, 0.0019908607937395573, 0.002174471039324999, 0.002358081517741084, 0.0025416917633265257, 0.0027253020089119673, 0.0029089124873280525, 0.003092522732913494, 0.0032761329784989357, 0.0034597432240843773, 0.003643353469669819, 0.003826963948085904, 0.004010573960840702, 0.004194184672087431, 0.0043777949176728725, 0.004561405163258314, 0.004745015408843756, 0.004928625654429197, 0.005112235900014639, 0.0052958461456000805, 0.005479456856846809, 0.005663067102432251, 0.0058466773480176926, 0.006030287593603134, 0.006213897839188576]}, "gradients/model.6.weight": {"_type": "histogram", "values": [2.0, 2.0, 2.0, 9.0, 9.0, 21.0, 24.0, 21.0, 35.0, 49.0, 46.0, 56.0, 97.0, 77.0, 110.0, 108.0, 126.0, 180.0, 267.0, 305.0, 355.0, 349.0, 549.0, 743.0, 943.0, 1156.0, 1321.0, 1308.0, 4223.0, 20744.0, 76055.0, 6450.0, 2330.0, 1929.0, 1927.0, 1590.0, 1417.0, 1289.0, 991.0, 770.0, 634.0, 553.0, 477.0, 397.0, 295.0, 197.0, 129.0, 89.0, 69.0, 43.0, 45.0, 24.0, 26.0, 19.0, 17.0, 14.0, 14.0, 19.0, 9.0, 6.0, 6.0, 2.0, 1.0, 2.0], "bins": [-0.008113812655210495, -0.007844761945307255, -0.00757571030408144, -0.0073066591285169125, -0.007037607952952385, -0.006768557243049145, -0.006499506067484617, -0.00623045489192009, -0.005961403716355562, -0.005692352540791035, -0.005423301365226507, -0.00515425018966198, -0.0048851994797587395, -0.004616147838532925, -0.0043470971286296844, -0.004078045953065157, -0.0038089947775006294, -0.003539943601936102, -0.0032708924263715744, -0.0030018414836376905, -0.002732790308073163, -0.0024637391325086355, -0.0021946881897747517, -0.0019256370142102242, -0.0016565858386456966, -0.0013875346630811691, -0.0011184836039319634, -0.0008494324865750968, -0.0005803813692182302, -0.00031133019365370274, -4.227913450449705e-05, 0.00022677192464470863, 0.0004958240315318108, 0.0007648751488886774, 0.001033926266245544, 0.0013029773253947496, 0.0015720285009592772, 0.0018410796765238047, 0.0021101306192576885, 0.002379181794822216, 0.0026482329703867435, 0.002917284145951271, 0.0031863353215157986, 0.0034553862642496824, 0.00372443743981421, 0.003993488848209381, 0.004262539558112621, 0.004531590733677149, 0.004800641909241676, 0.005069693084806204, 0.005338744260370731, 0.005607795435935259, 0.005876846611499786, 0.006145897321403027, 0.006414948496967554, 0.006683999672532082, 0.006953050848096609, 0.007222102023661137, 0.007491153199225664, 0.007760204374790192, 0.008029255084693432, 0.008298306725919247, 0.008567357435822487, 0.008836409077048302, 0.009105459786951542]}, "gradients/model.2.weight": {"_type": "histogram", "values": [2.0, 0.0, 3.0, 1.0, 0.0, 1.0, 1.0, 2.0, 1.0, 2.0, 0.0, 3.0, 3.0, 9.0, 7.0, 10.0, 9.0, 12.0, 8.0, 9.0, 22.0, 18.0, 24.0, 33.0, 38.0, 61.0, 51.0, 78.0, 97.0, 114.0, 143.0, 153.0, 189.0, 245.0, 298.0, 360.0, 1067.0, 306.0, 260.0, 195.0, 158.0, 111.0, 94.0, 75.0, 67.0, 60.0, 42.0, 32.0, 25.0, 28.0, 11.0, 12.0, 10.0, 8.0, 4.0, 10.0, 10.0, 4.0, 2.0, 3.0, 1.0, 1.0, 3.0, 2.0], "bins": [-0.005812962539494038, -0.005654082167893648, -0.005495201796293259, -0.005336321424692869, -0.00517744105309248, -0.00501856068149209, -0.004859680309891701, -0.004700799938291311, -0.004541919566690922, -0.004383039195090532, -0.004224158823490143, -0.004065278451889753, -0.003906398080289364, -0.0037475177086889744, -0.003588637337088585, -0.0034297569654881954, -0.003270876593887806, -0.0031119962222874165, -0.002953115850687027, -0.0027942354790866375, -0.002635355107486248, -0.0024764747358858585, -0.002317594364285469, -0.0021587139926850796, -0.00199983362108469, -0.0018409532494843006, -0.0016820728778839111, -0.0015231925062835217, -0.0013643121346831322, -0.0012054317630827427, -0.0010465513914823532, -0.0008876710198819637, -0.0007287906482815742, -0.0005699102766811848, -0.0004110299050807953, -0.0002521495334804058, -9.326916188001633e-05, 6.561120972037315e-05, 0.00022449158132076263, 0.0003833719529211521, 0.0005422523245215416, 0.0007011326961219311, 0.0008600130677223206, 0.00101889343932271, 0.0011777738109230995, 0.001336654182523489, 0.0014955345541238785, 0.001654414925724268, 0.0018132952973246574, 0.001972175668925047, 0.0021310560405254364, 0.002289936412125826, 0.0024488167837262154, 0.002607697155326605, 0.0027665775269269943, 0.002925457898527384, 0.0030843382701277733, 0.0032432186417281628, 0.0034020990133285522, 0.0035609793849289417, 0.003719859756529331, 0.0038787401281297207, 0.00403762049973011, 0.0041965008713305, 0.004355381242930889]}, "gradients/model.2.bias": {"_type": "histogram", "values": [1.0, 0.0, 0.0, 0.0, 1.0, 0.0, 0.0, 0.0, 0.0, 0.0, 0.0, 0.0, 0.0, 0.0, 0.0, 1.0, 0.0, 0.0, 0.0, 0.0, 0.0, 0.0, 0.0, 0.0, 0.0, 0.0, 1.0, 0.0, 0.0, 0.0, 0.0, 1.0, 0.0, 0.0, 0.0, 1.0, 0.0, 0.0, 0.0, 0.0, 3.0, 0.0, 1.0, 1.0, 1.0, 1.0, 0.0, 1.0, 0.0, 0.0, 0.0, 0.0, 0.0, 0.0, 0.0, 0.0, 0.0, 0.0, 0.0, 1.0, 0.0, 0.0, 0.0, 1.0], "bins": [-0.007217436097562313, -0.007037723436951637, -0.0068580107763409615, -0.006678298115730286, -0.00649858545511961, -0.006318872794508934, -0.006139160133898258, -0.00595944793894887, -0.005779735278338194, -0.005600022617727518, -0.005420309957116842, -0.0052405972965061665, -0.005060884635895491, -0.004881172440946102, -0.004701459780335426, -0.0045217471197247505, -0.004342034459114075, -0.004162321798503399, -0.003982609137892723, -0.0038028964772820473, -0.003623184049502015, -0.0034434713888913393, -0.0032637587282806635, -0.0030840463005006313, -0.002904333174228668, -0.0027246205136179924, -0.0025449078530073166, -0.0023651951923966408, -0.0021854827646166086, -0.002005770104005933, -0.001826057443395257, -0.001646344899199903, -0.001466632355004549, -0.0012869196943938732, -0.0011072071501985192, -0.0009274944895878434, -0.0007477818871848285, -0.0005680692847818136, -0.0003883566241711378, -0.00020864407997578382, -2.8931419365108013e-05, 0.0001507811975898221, 0.00033049381454475224, 0.0005102064460515976, 0.0006899190484546125, 0.0008696316508576274, 0.0010493443114683032, 0.0012290568556636572, 0.001408769516274333, 0.0015884821768850088, 0.0017681947210803628, 0.0019479073816910386, 0.0021276199258863926, 0.0023073325864970684, 0.0024870452471077442, 0.00266675790771842, 0.002846470568329096, 0.0030261832289397717, 0.0032058958895504475, 0.0033856085501611233, 0.0035653209779411554, 0.0037450336385518312, 0.003924746066331863, 0.004104458726942539, 0.004284171387553215]}, "gradients/model.0.weight": {"_type": "histogram",