{"Cummalative Reward": 7.81, "Cummalative Q-Learning Loss": 345.75271781921384, "Cummalative Successor Loss": -19524.6171875, "_timestamp": 1651075977, "_runtime": 260, "_step": 25, "gradients/graph_1linear.weight": {"_type": "histogram", "values": [1.0, 0.0, 1.0, 2.0, 1.0, 1.0, 3.0, 4.0, 4.0, 7.0, 5.0, 4.0, 4.0, 6.0, 0.0, 2.0, 6.0, 1.0, 2.0, 4.0, 5.0, 3.0, 1.0, 2.0, 0.0, 2.0, 0.0, 1.0, 1.0, 1.0, 0.0, 3.0, 1.0, 0.0, 2.0, 1.0, 1.0, 1.0, 2.0, 2.0, 3.0, 3.0, 3.0, 1.0, 1.0, 2.0, 0.0, 1.0, 7.0, 3.0, 4.0, 0.0, 2.0, 5.0, 0.0, 0.0, 2.0, 0.0, 2.0, 1.0, 0.0, 0.0, 0.0, 1.0], "bins": [-1.3870253562927246, -1.3404650688171387, -1.2939047813415527, -1.2473444938659668, -1.2007842063903809, -1.154223918914795, -1.107663631439209, -1.061103343963623, -1.014543056488037, -0.9679827690124512, -0.9214224815368652, -0.8748621940612793, -0.8283019065856934, -0.7817416191101074, -0.7351813316345215, -0.6886210441589355, -0.6420607566833496, -0.5955004692077637, -0.5489401817321777, -0.5023798942565918, -0.45581960678100586, -0.4092593193054199, -0.362699031829834, -0.31613874435424805, -0.2695784568786621, -0.22301816940307617, -0.17645788192749023, -0.1298975944519043, -0.08333730697631836, -0.03677701950073242, 0.009783267974853516, 0.05634355545043945, 0.10290384292602539, 0.14946413040161133, 0.19602441787719727, 0.2425847053527832, 0.28914499282836914, 0.3357052803039551, 0.382265567779541, 0.42882585525512695, 0.4753861427307129, 0.5219464302062988, 0.5685067176818848, 0.6150670051574707, 0.6616272926330566, 0.7081875801086426, 0.7547478675842285, 0.8013081550598145, 0.8478684425354004, 0.8944287300109863, 0.9409890174865723, 0.9875493049621582, 1.0341095924377441, 1.08066987991333, 1.127230167388916, 1.173790454864502, 1.220350742340088, 1.2669110298156738, 1.3134713172912598, 1.3600316047668457, 1.4065918922424316, 1.4531521797180176, 1.4997124671936035, 1.5462727546691895, 1.5928330421447754]}}