{"Cummalative Reward": 4.4, "Cummalative Q-Learning Loss": 272.2399203109741, "Cummalative Successor Loss": -1557.2132568359375, "_timestamp": 1651087151, "_runtime": 3268, "_step": 9, "gradients/graph_1linear.weight": {"_type": "histogram", "values": [1.0, 0.0, 0.0, 0.0, 0.0, 0.0, 0.0, 0.0, 0.0, 0.0, 1.0, 1.0, 0.0, 0.0, 0.0, 0.0, 0.0, 0.0, 0.0, 1.0, 2.0, 0.0, 1.0, 1.0, 0.0, 1.0, 2.0, 5.0, 7.0, 6.0, 10.0, 6.0, 5.0, 8.0, 7.0, 6.0, 10.0, 10.0, 8.0, 2.0, 5.0, 1.0, 1.0, 2.0, 4.0, 1.0, 1.0, 0.0, 1.0, 0.0, 2.0, 1.0, 1.0, 2.0, 0.0, 0.0, 1.0, 0.0, 1.0, 0.0, 0.0, 1.0, 1.0, 1.0], "bins": [-27.6463680267334, -26.847532272338867, -26.048696517944336, -25.249860763549805, -24.451025009155273, -23.652189254760742, -22.85335350036621, -22.05451774597168, -21.25568199157715, -20.456846237182617, -19.658010482788086, -18.859174728393555, -18.060338973999023, -17.261503219604492, -16.46266746520996, -15.66383171081543, -14.864995956420898, -14.066160202026367, -13.267324447631836, -12.468488693237305, -11.669652938842773, -10.870817184448242, -10.071981430053711, -9.27314567565918, -8.474309921264648, -7.675474166870117, -6.876638412475586, -6.077802658081055, -5.278966903686523, -4.480131149291992, -3.681295394897461, -2.8824596405029297, -2.0836257934570312, -1.2847900390625, -0.48595428466796875, 0.3128814697265625, 1.1117172241210938, 1.910552978515625, 2.7093887329101562, 3.5082244873046875, 4.307060241699219, 5.10589599609375, 5.904731750488281, 6.7035675048828125, 7.502403259277344, 8.301239013671875, 9.100074768066406, 9.898910522460938, 10.697746276855469, 11.49658203125, 12.295417785644531, 13.094253540039062, 13.893089294433594, 14.691925048828125, 15.490760803222656, 16.289596557617188, 17.08843231201172, 17.88726806640625, 18.68610382080078, 19.484939575195312, 20.283775329589844, 21.082611083984375, 21.881446838378906, 22.680282592773438, 23.47911834716797]}, "gradients/model.6.bias": {"_type": "histogram", "values": [1.0, 0.0, 0.0, 0.0, 0.0, 0.0, 0.0, 0.0, 0.0, 1.0, 0.0, 0.0, 0.0, 1.0, 2.0, 1.0, 1.0, 1.0, 0.0, 0.0, 1.0, 1.0, 1.0, 2.0, 3.0, 3.0, 4.0, 5.0, 4.0, 12.0, 19.0, 29.0, 92.0, 146.0, 87.0, 32.0, 16.0, 12.0, 6.0, 5.0, 5.0, 6.0, 2.0, 0.0, 3.0, 0.0, 0.0, 1.0, 1.0, 0.0, 1.0, 0.0, 1.0, 0.0, 1.0, 1.0, 0.0, 0.0, 0.0, 1.0, 0.0, 0.0, 0.0, 1.0], "bins": [-0.24590611457824707, -0.23856280744075775, -0.23121951520442963, -0.2238762080669403, -0.21653291583061218, -0.20918960869312286, -0.20184630155563354, -0.19450300931930542, -0.1871597170829773, -0.17981640994548798, -0.17247311770915985, -0.16512981057167053, -0.1577865183353424, -0.1504432111978531, -0.14309990406036377, -0.13575661182403564, -0.12841330468654633, -0.1210700049996376, -0.11372670531272888, -0.10638339817523956, -0.09904010593891144, -0.09169679880142212, -0.0843534991145134, -0.07701019942760468, -0.06966689974069595, -0.06232360005378723, -0.05498030036687851, -0.04763699695467949, -0.04029369726777077, -0.032950397580862045, -0.025607094168663025, -0.018263794481754303, -0.010920479893684387, -0.0035771792754530907, 0.003766121342778206, 0.011109422892332077, 0.0184527225792408, 0.02579602226614952, 0.03313932567834854, 0.04048262536525726, 0.047825925052165985, 0.05516922473907471, 0.06251252442598343, 0.06985582411289215, 0.07719913125038147, 0.0845424234867096, 0.09188573062419891, 0.09922903031110764, 0.10657232999801636, 0.11391562968492508, 0.1212589293718338, 0.12860223650932312, 0.13594552874565125, 0.14328883588314056, 0.15063214302062988, 0.157975435256958, 0.16531872749328613, 0.17266203463077545, 0.18000532686710358, 0.1873486340045929, 0.19469192624092102, 0.20203523337841034, 0.20937854051589966, 0.21672183275222778, 0.2240651398897171]}, "gradients/model.6.weight": {"_type": "histogram", "values": [3.0, 9.0, 4.0, 7.0, 7.0, 7.0, 5.0, 7.0, 0.0, 4.0, 3.0, 15.0, 15.0, 14.0, 27.0, 39.0, 58.0, 68.0, 63.0, 54.0, 36.0, 50.0, 61.0, 70.0, 104.0, 187.0, 210.0, 255.0, 363.0, 508.0, 877.0, 1844.0, 5638.0, 109525.0, 5606.0, 1917.0, 1023.0, 592.0, 371.0, 317.0, 325.0, 144.0, 67.0, 77.0, 43.0, 47.0, 52.0, 36.0, 42.0, 37.0, 38.0, 37.0, 32.0, 23.0, 20.0, 12.0, 10.0, 14.0, 13.0, 13.0, 10.0, 4.0, 10.0, 3.0], "bins": [-1.036147117614746, -1.0052241086959839, -0.9743010997772217, -0.9433780908584595, -0.9124550819396973, -0.8815320730209351, -0.8506090641021729, -0.8196860551834106, -0.7887630462646484, -0.7578400373458862, -0.726917028427124, -0.6959940195083618, -0.6650710105895996, -0.6341480016708374, -0.6032249927520752, -0.572301983833313, -0.541378915309906, -0.5104559063911438, -0.4795328974723816, -0.4486098885536194, -0.4176868796348572, -0.38676387071609497, -0.3558408319950104, -0.32491782307624817, -0.29399481415748596, -0.26307180523872375, -0.23214879631996155, -0.20122577250003815, -0.17030276358127594, -0.13937975466251373, -0.10845673084259033, -0.07753372192382812, -0.04661071300506592, -0.015687700361013412, 0.015235312283039093, 0.0461583286523819, 0.0770813375711441, 0.10800434648990631, 0.1389273703098297, 0.16985037922859192, 0.20077338814735413, 0.23169639706611633, 0.26261940598487854, 0.29354244470596313, 0.32446545362472534, 0.35538846254348755, 0.38631147146224976, 0.41723448038101196, 0.44815748929977417, 0.4790804982185364, 0.5100035071372986, 0.5409265160560608, 0.571849524974823, 0.6027725338935852, 0.6336956024169922, 0.6646186113357544, 0.6955416202545166, 0.7264646291732788, 0.757387638092041, 0.7883106470108032, 0.8192336559295654, 0.8501566648483276, 0.8810796737670898, 0.912002682685852, 0.9429256916046143]}, "gradients/model.2.weight": {"_type": "histogram", "values": [1.0, 1.0, 0.0, 0.0, 0.0, 1.0, 0.0, 1.0, 2.0, 0.0, 0.0, 0.0, 0.0, 0.0, 0.0, 2.0, 0.0, 0.0, 4.0, 6.0, 1.0, 1.0, 0.0, 2.0, 2.0, 4.0, 11.0, 8.0, 10.0, 10.0, 6.0, 5.0, 4.0, 8.0, 6.0, 10.0, 9.0, 16.0, 20.0, 19.0, 17.0, 75.0, 129.0, 3837.0, 80.0, 66.0, 50.0, 36.0, 38.0, 27.0, 20.0, 17.0, 13.0, 10.0, 7.0, 0.0, 7.0, 4.0, 1.0, 1.0, 1.0, 0.0, 0.0, 2.0], "bins": [-0.9853470325469971, -0.9625892639160156, -0.9398314952850342, -0.9170737266540527, -0.8943158984184265, -0.8715581297874451, -0.8488003611564636, -0.8260425925254822, -0.803284764289856, -0.7805269956588745, -0.7577692270278931, -0.7350114583969116, -0.7122536301612854, -0.689495861530304, -0.6667380928993225, -0.6439803242683411, -0.6212225556373596, -0.5984647870063782, -0.5757070183753967, -0.5529491901397705, -0.5301914215087891, -0.5074336528778076, -0.48467588424682617, -0.4619181156158447, -0.4391603171825409, -0.41640254855155945, -0.3936447501182556, -0.37088698148727417, -0.3481292128562927, -0.3253714144229889, -0.30261364579200745, -0.2798558473587036, -0.25709807872772217, -0.23434029519557953, -0.2115825116634369, -0.18882474303245544, -0.1660669595003128, -0.14330917596817017, -0.12055140733718872, -0.09779362380504608, -0.07503584027290344, -0.0522780604660511, -0.02952028065919876, -0.006762504577636719, 0.01599527895450592, 0.03875306248664856, 0.061510831117630005, 0.08426861464977264, 0.10702639818191528, 0.12978418171405792, 0.15254196524620056, 0.175299733877182, 0.19805751740932465, 0.22081530094146729, 0.24357306957244873, 0.2663308382034302, 0.289088636636734, 0.31184640526771545, 0.3346042037010193, 0.35736197233200073, 0.3801197409629822, 0.402877539396286, 0.42563530802726746, 0.4483931064605713, 0.47115087509155273]}, "gradients/model.2.bias": {"_type": "histogram", "values": [1.0, 0.0, 0.0, 0.0, 0.0, 0.0, 0.0, 0.0, 0.0, 0.0, 0.0, 0.0, 0.0, 0.0, 0.0, 0.0, 0.0, 0.0, 0.0, 0.0, 0.0, 0.0, 0.0, 0.0, 0.0, 0.0, 0.0, 0.0, 0.0, 0.0, 0.0, 0.0, 0.0, 0.0, 0.0, 0.0, 0.0, 0.0, 1.0, 0.0, 0.0, 0.0, 12.0, 0.0, 0.0, 0.0, 0.0, 0.0, 0.0, 0.0, 0.0, 0.0, 0.0, 0.0, 0.0, 0.0, 0.0, 1.0, 0.0, 0.0, 0.0, 0.0, 0.0, 1.0],